{"nodes":{"node:1":{"location":{"x":160,"y":141}},"node:4":{"location":{"x":80,"y":413}},"node:7":{"location":{"x":181,"y":301}}},"selection":["node:7"],"view":{"scroll":{"x":248.532852172851563,"y":114.410400390625},"zoom":1.99999988079071045}}