{"nodes":{"node:1000":{"location":{"x":-120,"y":362}},"node:1002":{"location":{"x":545,"y":1033}},"node:1005":{"location":{"x":2195,"y":610}},"node:1007":{"location":{"x":1011,"y":1305}},"node:1010":{"location":{"x":647,"y":13}},"node:1013":{"location":{"x":1361,"y":649}}},"selection":null,"view":{"scroll":{"x":-100.154243469238281,"y":-171.927017211914062},"zoom":0.346914589405059814}}